NumModels,ClusterSize,ProtoI,ProtoII,ND,Speed-up1,Speed-Up2,Efficiency1,Efficiency2
10,3,1130.514,1832.356,4790.198,4.237185917,2.614228894,1.412395306,0.871409631
10,4,917.459,970.0352,4790.198,5.221157567,4.938169254,1.305289392,1.234542314
10,5,675.9754,1367.564,4790.198,7.086349592,3.50272309,1.417269918,0.700544618
10,6,555.8746,1166.458,4790.198,8.617407595,4.106618498,1.436234599,0.684436416
